First Name,Last Name,Email
Niraj,Srimal,nirajsrimal@gmail.com
Shruti,Patel,patelshrutik99@gmail.com
Prb,Bhide,prbhide17@gmail.com
Respectful,Barolo,respectful_barolo@gmail.com
Rosy,Soda,rosy_soda@gmail.com
Burgundy,Chart,burgundy_chart@gmail.com
Angry,Inflection,angry_inflection@gmail.com
Grim,Window,grim_window@gmail.com
Global,Option,global_option@gmail.com
Forward,Dragster,forward_dragster@gmail.com
Giant,Spire,giant_spire@gmail.com
Volumetric,Vault,volumetric_vault@gmail.com
Intense,Butter,intense_butter@gmail.com
Pizzicato,Pitch,pizzicato_pitch@gmail.com
Fancy,Taking,fancy_taking@gmail.com
Felt,Convolution,felt_convolution@gmail.com
Angry,Pastry,angry_pastry@gmail.com
Affable,Viola,affable_viola@gmail.com
Energetic,Arrow,energetic_arrow@gmail.com
Charcoal,Tiger,charcoal_tiger@gmail.com
Average,Fare,average_fare@gmail.com
Oily,Suite,oily_suite@gmail.com
Fixed,Exception,fixed_exception@gmail.com
Hoary,Bintree,hoary_bintree@gmail.com
Stable,Jumper,stable_jumper@gmail.com
Immediate,Scrub,immediate_scrub@gmail.com
Scared,Sage,scared_sage@gmail.com
Shy,Proton,shy_proton@gmail.com
Pallid,Celesta,pallid_celesta@gmail.com
Vivid,Westie,vivid_westie@gmail.com
Honest,Amberjack,honest_amberjack@gmail.com
Bordeaux,Record,bordeaux_record@gmail.com
Online,Puffin,online_puffin@gmail.com
Dichotomic,Sidebar,dichotomic_sidebar@gmail.com
Perfect,Pot,perfect_pot@gmail.com
Metal,Betta,metal_betta@gmail.com
Intense,Lot,intense_lot@gmail.com
Freezing,Architect,freezing_architect@gmail.com
Hoary,Ragdoll,hoary_ragdoll@gmail.com
Tender,Baseline,tender_baseline@gmail.com
Minimum,Camera,minimum_camera@gmail.com
Direct,Courtyard,direct_courtyard@gmail.com
Regional,Mayonnaise,regional_mayonnaise@gmail.com
Rapid,Offset,rapid_offset@gmail.com
Jolly,Contract,jolly_contract@gmail.com
Coincident,Brownstone,coincident_brownstone@gmail.com
Cheerful,Capital,cheerful_capital@gmail.com
Closed,Jungle,closed_jungle@gmail.com
Numerous,Yogurt,numerous_yogurt@gmail.com
Adaptive,Contingency,adaptive_contingency@gmail.com
Legacy,Electron,legacy_electron@gmail.com
Frosty,Fortress,frosty_fortress@gmail.com
Humble,Sardine,humble_sardine@gmail.com
Descent,Convergence,descent_convergence@gmail.com
Drab,Vector,drab_vector@gmail.com
Laminated,Nut,laminated_nut@gmail.com
Planar,Boom,planar_boom@gmail.com
Obsolete,Cloth,obsolete_cloth@gmail.com
Flat,Suffix,flat_suffix@gmail.com
Hushed,Filter,hushed_filter@gmail.com
Long,Camp,long_camp@gmail.com
Obnoxious,Milk,obnoxious_milk@gmail.com
Heartless,Staging,heartless_staging@gmail.com
Unsolvable,Cider,unsolvable_cider@gmail.com
Ragged,Spread,ragged_spread@gmail.com
Bent,Mayonnaise,bent_mayonnaise@gmail.com
Metallic,Node,metallic_node@gmail.com
Skinny,Buffet,skinny_buffet@gmail.com
Maximum,System,maximum_system@gmail.com
Synchronic,Period,synchronic_period@gmail.com
Cross,Flight,cross_flight@gmail.com
Senile,Page,senile_page@gmail.com
Blistering,Crop,blistering_crop@gmail.com
Nuclear,Chest,nuclear_chest@gmail.com
Adjacent,Centroid,adjacent_centroid@gmail.com
Moderato,Sauvignon,moderato_sauvignon@gmail.com
Factorial,Cayenne,factorial_cayenne@gmail.com
Grim,Epoch,grim_epoch@gmail.com
Either,Space,either_space@gmail.com
Maroon,Repeat,maroon_repeat@gmail.com
New,Calorie,new_calorie@gmail.com
Round,Wharf,round_wharf@gmail.com
Dull,Counterpoint,dull_counterpoint@gmail.com
Clear,Salt,clear_salt@gmail.com
Rigid,Image,rigid_image@gmail.com
Isothermal,Passenger,isothermal_passenger@gmail.com
Worn,Bend,worn_bend@gmail.com
Cold,Circuit,cold_circuit@gmail.com
Worn,Waterfall,worn_waterfall@gmail.com
Recent,Thinner,recent_thinner@gmail.com
Caramel,Bayonet,caramel_bayonet@gmail.com
Cool,Queue,cool_queue@gmail.com
Urbane,Oil,urbane_oil@gmail.com
Linear,Diatonic,linear_diatonic@gmail.com
Easy,Cupola,easy_cupola@gmail.com
Plumb,Popup,plumb_popup@gmail.com
Red,Element,red_element@gmail.com
Gilded,Generator,gilded_generator@gmail.com
Simple,Row,simple_row@gmail.com
Merciless,Post,merciless_post@gmail.com
Either,Snare,either_snare@gmail.com
Lower,Quetzal,lower_quetzal@gmail.com
Free,Tetrad,free_tetrad@gmail.com
Gentle,Track,gentle_track@gmail.com
Bent,Pollen,bent_pollen@gmail.com
Staff,Octet,staff_octet@gmail.com
Counting,Raven,counting_raven@gmail.com
Corn,Programming,corn_programming@gmail.com
Oriented,Skin,oriented_skin@gmail.com
Stale,Angle,stale_angle@gmail.com
Humane,Host,humane_host@gmail.com
Plain,Mate,plain_mate@gmail.com
Helpful,Argument,helpful_argument@gmail.com
Excited,Appraisal,excited_appraisal@gmail.com
Upbeat,Saturation,upbeat_saturation@gmail.com
Calm,Fortress,calm_fortress@gmail.com
Threadbare,Defense,threadbare_defense@gmail.com
Creative,Path,creative_path@gmail.com
Concentric,Boondoggle,concentric_boondoggle@gmail.com
Progressive,Oblique,progressive_oblique@gmail.com
Friendly,Macaw,friendly_macaw@gmail.com
Linear,Deliverable,linear_deliverable@gmail.com
Rigid,Grain,rigid_grain@gmail.com
Silver,Centroid,silver_centroid@gmail.com
Piercing,Subscriber,piercing_subscriber@gmail.com
Formal,Phantasm,formal_phantasm@gmail.com
Bent,Radiation,bent_radiation@gmail.com
Achromatic,Change,achromatic_change@gmail.com
Arctic,Frisbee,arctic_frisbee@gmail.com
Recursive,Area,recursive_area@gmail.com
Quantum,Townhouse,quantum_townhouse@gmail.com
Coincident,Binary,coincident_binary@gmail.com
Dark,Vision,dark_vision@gmail.com
Planar,Band,planar_band@gmail.com
Blocky,Batter,blocky_batter@gmail.com
Furious,Gravity,furious_gravity@gmail.com
Regular,Pond,regular_pond@gmail.com
Weighted,Helo,weighted_helo@gmail.com
Archaic,Operator,archaic_operator@gmail.com
Inscribed,Referee,inscribed_referee@gmail.com
Crimson,Sauce,crimson_sauce@gmail.com
Clever,Leave,clever_leave@gmail.com
Soft,Sparrow,soft_sparrow@gmail.com
Cyclic,Event,cyclic_event@gmail.com
Ash,Fossa,ash_fossa@gmail.com
Corporate,Intersection,corporate_intersection@gmail.com
Rectilinear,Bit,rectilinear_bit@gmail.com
Plum,Overhang,plum_overhang@gmail.com
Pizzicato,Lion,pizzicato_lion@gmail.com
Indulgent,Cinema,indulgent_cinema@gmail.com
Teal,Chart,teal_chart@gmail.com
Numerous,Gutter,numerous_gutter@gmail.com
Corn,Core,corn_core@gmail.com
Regional,Timber,regional_timber@gmail.com
Glum,Refund,glum_refund@gmail.com
Muted,Groove,muted_groove@gmail.com
Intricate,Vibrato,intricate_vibrato@gmail.com
Faint,Ply,faint_ply@gmail.com
Horizontal,Melon,horizontal_melon@gmail.com
Watery,Tournament,watery_tournament@gmail.com
Hard,Infield,hard_infield@gmail.com
Metal,Symphony,metal_symphony@gmail.com
Grouchy,Cafe,grouchy_cafe@gmail.com
Flat,Piles,flat_piles@gmail.com
Acute,Limit,acute_limit@gmail.com
Magnetic,River,magnetic_river@gmail.com
Windy,Render,windy_render@gmail.com
Plain,Belvedere,plain_belvedere@gmail.com
Felt,Portrait,felt_portrait@gmail.com
Wan,Rest,wan_rest@gmail.com
Acoustic,Packet,acoustic_packet@gmail.com
Immature,Romano,immature_romano@gmail.com
Upbeat,Snare,upbeat_snare@gmail.com
Neat,Coverage,neat_coverage@gmail.com
Full,Attachment,full_attachment@gmail.com
Broad,Rotation,broad_rotation@gmail.com
Flashed,Burgundy,flashed_burgundy@gmail.com
Insulated,Gazebo,insulated_gazebo@gmail.com
Express,Filler,express_filler@gmail.com
Large,Valuation,large_valuation@gmail.com
Khaki,Surface,khaki_surface@gmail.com
Contemporary,Mascarpone,contemporary_mascarpone@gmail.com
Searing,Callback,searing_callback@gmail.com
Glowing,Arrowroot,glowing_arrowroot@gmail.com
Concave,Tributary,concave_tributary@gmail.com
Grating,Sanding,grating_sanding@gmail.com
Another,Loon,another_loon@gmail.com
Maroon,Moat,maroon_moat@gmail.com
Counting,Gulf,counting_gulf@gmail.com
Bounded,School,bounded_school@gmail.com
Radioactive,App,radioactive_app@gmail.com
Several,Coda,several_coda@gmail.com
Moderato,Goat,moderato_goat@gmail.com
Lazy,Pavilion,lazy_pavilion@gmail.com
Rectilinear,Division,rectilinear_division@gmail.com
Light,Beta,light_beta@gmail.com
Numerous,Triplet,numerous_triplet@gmail.com
Helpful,Maltese,helpful_maltese@gmail.com
Alternate,Chives,alternate_chives@gmail.com
Hoary,Octave,hoary_octave@gmail.com
Formal,Taco,formal_taco@gmail.com
Internal,Value,internal_value@gmail.com
Violent,Bulldozer,violent_bulldozer@gmail.com
Dense,File,dense_file@gmail.com
Full,Rack,full_rack@gmail.com
Brass,Easement,brass_easement@gmail.com
Nice,Entree,nice_entree@gmail.com
Relaxed,Pause,relaxed_pause@gmail.com
Camel,Marmalade,camel_marmalade@gmail.com
Eager,Volcano,eager_volcano@gmail.com
Mad,Upstream,mad_upstream@gmail.com
Seething,Salamander,seething_salamander@gmail.com
Regional,Mayonnaise,regional_mayonnaise@gmail.com
Internal,Property,internal_property@gmail.com
Aquamarine,Vault,aquamarine_vault@gmail.com
Big,Fossil,big_fossil@gmail.com
Small,Right,small_right@gmail.com
Hidden,Block,hidden_block@gmail.com
District,Eggs,district_eggs@gmail.com
Coherent,Comptroller,coherent_comptroller@gmail.com
Felt,Dish,felt_dish@gmail.com
Cruel,Crypt,cruel_crypt@gmail.com
Nimble,Gain,nimble_gain@gmail.com
Rosy,Relay,rosy_relay@gmail.com
Genteel,Independence,genteel_independence@gmail.com
Fixed,Horizon,fixed_horizon@gmail.com
Naive,Projectile,naive_projectile@gmail.com
Long,Dolly,long_dolly@gmail.com
Devout,Denim,devout_denim@gmail.com
Boxy,Cume,boxy_cume@gmail.com
Snow,Auxiliary,snow_auxiliary@gmail.com
Relaxed,Jamb,relaxed_jamb@gmail.com
Unsorted,Arrowroot,unsorted_arrowroot@gmail.com
Ambitious,Script,ambitious_script@gmail.com
Distinct,Catch,distinct_catch@gmail.com
Express,Chalet,express_chalet@gmail.com
Kind,Dart,kind_dart@gmail.com
Stale,User,stale_user@gmail.com
Bordeaux,Impulse,bordeaux_impulse@gmail.com
Clever,Sting,clever_sting@gmail.com
Merry,Folder,merry_folder@gmail.com
Plain,Bridge,plain_bridge@gmail.com
Buoyant,Coopetition,buoyant_coopetition@gmail.com
Pure,Sequence,pure_sequence@gmail.com
Jovial,Sesame,jovial_sesame@gmail.com
Plum,Knot,plum_knot@gmail.com
Mature,Hound,mature_hound@gmail.com
Active,Stack,active_stack@gmail.com
Humble,Shoal,humble_shoal@gmail.com
Meek,Scattering,meek_scattering@gmail.com
Yellow,Wave,yellow_wave@gmail.com
Free,Face,free_face@gmail.com
Each,Compression,each_compression@gmail.com
Salty,Photon,salty_photon@gmail.com
Plum,Canal,plum_canal@gmail.com
Obsolete,Bookshelf,obsolete_bookshelf@gmail.com
Alternating,Mine,alternating_mine@gmail.com
Ash,Gang,ash_gang@gmail.com
Vintage,Fork,vintage_fork@gmail.com
Yellow,Joist,yellow_joist@gmail.com
Magnetic,Torpedo,magnetic_torpedo@gmail.com
Random,Azimuth,random_azimuth@gmail.com
Contemporary,Reef,contemporary_reef@gmail.com
Livid,Brick,livid_brick@gmail.com
Blue,Billboard,blue_billboard@gmail.com
Natural,Specular,natural_specular@gmail.com
Felt,Traffic,felt_traffic@gmail.com
Nullary,Luggage,nullary_luggage@gmail.com
Ecru,Rice,ecru_rice@gmail.com
Chunky,Manifold,chunky_manifold@gmail.com
Balanced,Buffet,balanced_buffet@gmail.com
Composite,Experience,composite_experience@gmail.com
Ivory,Specular,ivory_specular@gmail.com
Antique,Cap,antique_cap@gmail.com
Greasy,Gutter,greasy_gutter@gmail.com
Graceful,Beer,graceful_beer@gmail.com
Warped,Stack,warped_stack@gmail.com
Salmon,Bar,salmon_bar@gmail.com
Molto,Ostrich,molto_ostrich@gmail.com
Chartreuse,Tote,chartreuse_tote@gmail.com
Violent,Coupe,violent_coupe@gmail.com
Chamfered,Wolverine,chamfered_wolverine@gmail.com
Average,Crumble,average_crumble@gmail.com
Bent,Gain,bent_gain@gmail.com
Tall,Log,tall_log@gmail.com
Nullary,Chest,nullary_chest@gmail.com
Weathered,Canister,weathered_canister@gmail.com
Metallic,Decay,metallic_decay@gmail.com
Right,Debit,right_debit@gmail.com
Fundamental,Repeat,fundamental_repeat@gmail.com
Coped,Dynamic,coped_dynamic@gmail.com
Nondeterministic,Vibration,nondeterministic_vibration@gmail.com
Unsolvable,Grant,unsolvable_grant@gmail.com
Radial,Henry,radial_henry@gmail.com
Red,Dimension,red_dimension@gmail.com
Forward,Staff,forward_staff@gmail.com
Savage,Hybrid,savage_hybrid@gmail.com
Medium,Orange,medium_orange@gmail.com
Iron,Point,iron_point@gmail.com
Parallel,Quanta,parallel_quanta@gmail.com
Chalky,Decibel,chalky_decibel@gmail.com
Feldspar,Curd,feldspar_curd@gmail.com
Auburn,Walk,auburn_walk@gmail.com
Wooden,Broadcloth,wooden_broadcloth@gmail.com
Hushed,Sofa,hushed_sofa@gmail.com
Proud,Texture,proud_texture@gmail.com
Worn,Truck,worn_truck@gmail.com
Perpendicular,Rehab,perpendicular_rehab@gmail.com
Rigid,Rail,rigid_rail@gmail.com
Inventive,Category,inventive_category@gmail.com
Eager,Bow,eager_bow@gmail.com
Arid,Siamese,arid_siamese@gmail.com
Wise,Cork,wise_cork@gmail.com
Small,Force,small_force@gmail.com
Inflammable,Crankshaft,inflammable_crankshaft@gmail.com
Reduced,Prune,reduced_prune@gmail.com
Largo,Discount,largo_discount@gmail.com
Bipartite,Cider,bipartite_cider@gmail.com
Oblique,Batch,oblique_batch@gmail.com
Equilateral,Hill,equilateral_hill@gmail.com
Wintry,Sprout,wintry_sprout@gmail.com
Deafening,Byline,deafening_byline@gmail.com
Investor,Axis,investor_axis@gmail.com
Terminal,Citrus,terminal_citrus@gmail.com
Trite,Upside,trite_upside@gmail.com
Senile,Molecule,senile_molecule@gmail.com
Mechanical,Boom,mechanical_boom@gmail.com
Adventurous,Porch,adventurous_porch@gmail.com
Constant,Curve,constant_curve@gmail.com
Inclusive,Cottage,inclusive_cottage@gmail.com
Wary,Sort,wary_sort@gmail.com
Gravitational,Glass,gravitational_glass@gmail.com
Internal,Capital,internal_capital@gmail.com
Crazy,Median,crazy_median@gmail.com
Woolen,Customer,woolen_customer@gmail.com
Angry,Sage,angry_sage@gmail.com
Generous,Heather,generous_heather@gmail.com
Figurative,Farad,figurative_farad@gmail.com
Threadbare,Motor,threadbare_motor@gmail.com
Ivory,Actress,ivory_actress@gmail.com
Intricate,Modulation,intricate_modulation@gmail.com
Molto,Cue,molto_cue@gmail.com
Corn,Romano,corn_romano@gmail.com
Largo,Archway,largo_archway@gmail.com
Unsorted,Blade,unsorted_blade@gmail.com
Matte,Beam,matte_beam@gmail.com
Fancy,Valuation,fancy_valuation@gmail.com
Simple,Plate,simple_plate@gmail.com
Blistering,Auditor,blistering_auditor@gmail.com
Kind,Coordinator,kind_coordinator@gmail.com
Nuclear,Embassy,nuclear_embassy@gmail.com
Cheerful,Chutney,cheerful_chutney@gmail.com
Impulsive,Level,impulsive_level@gmail.com
Ordered,Bow,ordered_bow@gmail.com
Horizontal,Canal,horizontal_canal@gmail.com
Central,Neutron,central_neutron@gmail.com
Cold,Channel,cold_channel@gmail.com
Coplanar,Rational,coplanar_rational@gmail.com
Proud,Margin,proud_margin@gmail.com
Worried,Chambray,worried_chambray@gmail.com
Sensitive,Captain,sensitive_captain@gmail.com
Recursive,Outpost,recursive_outpost@gmail.com
Obvious,Skeleton,obvious_skeleton@gmail.com
Muted,Fortress,muted_fortress@gmail.com
Great,Fermata,great_fermata@gmail.com
Humid,Candy,humid_candy@gmail.com
Intricate,Particle,intricate_particle@gmail.com
Gravitational,Process,gravitational_process@gmail.com
Covering,Paste,covering_paste@gmail.com
Merry,Modem,merry_modem@gmail.com
Horizontal,Stunt,horizontal_stunt@gmail.com
Flat,Denotation,flat_denotation@gmail.com
Lazy,Cupola,lazy_cupola@gmail.com
Alternating,Wrestler,alternating_wrestler@gmail.com
Counting,Basis,counting_basis@gmail.com
Rapid,Second,rapid_second@gmail.com
Numerous,Snowboard,numerous_snowboard@gmail.com
Impulsive,Rate,impulsive_rate@gmail.com
Deafening,Code,deafening_code@gmail.com
Round,Switch,round_switch@gmail.com
Bright,Union,bright_union@gmail.com
Kind,Poset,kind_poset@gmail.com
Immense,Pass,immense_pass@gmail.com
Maroon,Underpass,maroon_underpass@gmail.com
Chalky,Gloss,chalky_gloss@gmail.com
Icy,Key,icy_key@gmail.com
Piercing,Turkey,piercing_turkey@gmail.com
Objective,Deque,objective_deque@gmail.com
Spry,Clutch,spry_clutch@gmail.com
Perfect,Strain,perfect_strain@gmail.com
Bisque,Administrator,bisque_administrator@gmail.com
Objective,Particle,objective_particle@gmail.com
Nearest,Design,nearest_design@gmail.com
Intractable,Smoke,intractable_smoke@gmail.com
Matching,Accelerator,matching_accelerator@gmail.com
Gold,Player,gold_player@gmail.com
Ragged,Rowhouse,ragged_rowhouse@gmail.com
Ragged,Region,ragged_region@gmail.com
Dry,Angel,dry_angel@gmail.com
Full,Triathlon,full_triathlon@gmail.com
Proud,Modern,proud_modern@gmail.com
Grizzled,Face,grizzled_face@gmail.com
Mad,Barrage,mad_barrage@gmail.com
Another,Bind,another_bind@gmail.com
Diagonal,Ramp,diagonal_ramp@gmail.com
Rust,Cube,rust_cube@gmail.com
Grizzled,Record,grizzled_record@gmail.com
Fixed,Dodecagon,fixed_dodecagon@gmail.com
Generous,Model,generous_model@gmail.com
Spatial,Mozzarella,spatial_mozzarella@gmail.com
Product,Page,product_page@gmail.com
Reduced,Light,reduced_light@gmail.com
Silly,Installation,silly_installation@gmail.com
Brute,Mastic,brute_mastic@gmail.com
Bounded,Packet,bounded_packet@gmail.com
Salmon,Pouf,salmon_pouf@gmail.com
Coral,Falls,coral_falls@gmail.com
Stubborn,Spruce,stubborn_spruce@gmail.com
Violent,Coconut,violent_coconut@gmail.com
Knurled,Constraint,knurled_constraint@gmail.com
Closed,Bowl,closed_bowl@gmail.com
Courtly,Interface,courtly_interface@gmail.com
Elegant,Moleskin,elegant_moleskin@gmail.com
Respectful,Partnership,respectful_partnership@gmail.com
Radial,Damper,radial_damper@gmail.com
Undecidable,Title,undecidable_title@gmail.com
Searing,Biped,searing_biped@gmail.com
Golden,Gun,golden_gun@gmail.com
Afraid,Denim,afraid_denim@gmail.com
Nuclear,Admin,nuclear_admin@gmail.com
Human,Edge,human_edge@gmail.com
Clean,Ensemble,clean_ensemble@gmail.com
Dynamic,Flight,dynamic_flight@gmail.com
Bright,Mileage,bright_mileage@gmail.com
Gentle,Bear,gentle_bear@gmail.com
Exhaustive,Coach,exhaustive_coach@gmail.com
Giant,Infield,giant_infield@gmail.com
Future,Hill,future_hill@gmail.com
Paper,Lambrusco,paper_lambrusco@gmail.com
Wooden,Head,wooden_head@gmail.com
Chill,Agent,chill_agent@gmail.com
Frigid,Brush,frigid_brush@gmail.com
Radial,Cloth,radial_cloth@gmail.com
Obtuse,Mine,obtuse_mine@gmail.com
Recent,Deadhead,recent_deadhead@gmail.com
Maximum,Alphabet,maximum_alphabet@gmail.com
Glad,Electron,glad_electron@gmail.com
Callous,Limousine,callous_limousine@gmail.com
Matching,Animation,matching_animation@gmail.com
External,Swift,external_swift@gmail.com
Bright,Canon,bright_canon@gmail.com
Elegant,Forest,elegant_forest@gmail.com
Regular,Driver,regular_driver@gmail.com
Freezing,Aerator,freezing_aerator@gmail.com
White,Bingo,white_bingo@gmail.com
Savage,Madeira,savage_madeira@gmail.com
Ambitious,Skill,ambitious_skill@gmail.com
Unary,Region,unary_region@gmail.com
Binding,Lyrics,binding_lyrics@gmail.com
Heather,Graph,heather_graph@gmail.com
Archaic,Feed,archaic_feed@gmail.com
Brass,Aqueduct,brass_aqueduct@gmail.com
Online,Cheetah,online_cheetah@gmail.com
Iron,Assistant,iron_assistant@gmail.com
Proper,Degree,proper_degree@gmail.com
Laminated,Shader,laminated_shader@gmail.com
Strong,Rank,strong_rank@gmail.com
Many,Sound,many_sound@gmail.com
Dichotomic,Silo,dichotomic_silo@gmail.com
Slim,Terrier,slim_terrier@gmail.com
Diachronic,Canvas,diachronic_canvas@gmail.com
Emerald,Torpedo,emerald_torpedo@gmail.com
Central,Landfall,central_landfall@gmail.com
Steel,Cube,steel_cube@gmail.com
Iron,Transmission,iron_transmission@gmail.com
Red,Cadet,red_cadet@gmail.com
Descriptive,Liason,descriptive_liason@gmail.com
Iron,Experience,iron_experience@gmail.com
Unsorted,Crescendo,unsorted_crescendo@gmail.com
Arctic,Kettle,arctic_kettle@gmail.com
Obliging,Barn,obliging_barn@gmail.com
Ornery,Ball,ornery_ball@gmail.com
Eager,Pocket,eager_pocket@gmail.com
Chestnut,Entrepreneur,chestnut_entrepreneur@gmail.com
Principal,Aroma,principal_aroma@gmail.com
Smart,Era,smart_era@gmail.com
Extended,Pointelle,extended_pointelle@gmail.com
Figurative,Spec,figurative_spec@gmail.com
Frayed,Equity,frayed_equity@gmail.com
Customer,Guaranty,customer_guaranty@gmail.com
Emerald,Byline,emerald_byline@gmail.com
Sophisticated,Cockatoo,sophisticated_cockatoo@gmail.com
Poky,Harbor,poky_harbor@gmail.com
Blazing,Document,blazing_document@gmail.com
Absolute,Bag,absolute_bag@gmail.com
Crimson,Grid,crimson_grid@gmail.com
Acyclic,Refund,acyclic_refund@gmail.com
Objective,Suffix,objective_suffix@gmail.com
Frigid,Cuisine,frigid_cuisine@gmail.com
Merciless,Rout,merciless_rout@gmail.com
Sophisticated,Set,sophisticated_set@gmail.com
Raw,Frequency,raw_frequency@gmail.com
Shrewd,Bobtail,shrewd_bobtail@gmail.com
Gold,Hypotenuse,gold_hypotenuse@gmail.com
Gentle,Column,gentle_column@gmail.com
Exothermic,Trip,exothermic_trip@gmail.com
Burgundy,Hotel,burgundy_hotel@gmail.com
Bounded,Market,bounded_market@gmail.com
Thin,Contrast,thin_contrast@gmail.com
Polynomial,Deadhead,polynomial_deadhead@gmail.com
Finite,Crop,finite_crop@gmail.com
Citron,Hoop,citron_hoop@gmail.com
Denim,Cloverleaf,denim_cloverleaf@gmail.com
Brownian,Adaptation,brownian_adaptation@gmail.com
Latent,Leg,latent_leg@gmail.com
Glowing,Acceleration,glowing_acceleration@gmail.com
Optimal,Auxiliary,optimal_auxiliary@gmail.com
Jolly,Developer,jolly_developer@gmail.com
Light,Goalie,light_goalie@gmail.com
Immense,Mile,immense_mile@gmail.com
Salmon,Watt,salmon_watt@gmail.com
Primordial,Calendar,primordial_calendar@gmail.com
Quiet,Monoid,quiet_monoid@gmail.com
Frosty,Caliper,frosty_caliper@gmail.com
Purple,Porch,purple_porch@gmail.com
Universal,Slope,universal_slope@gmail.com
Chestnut,Barbaresco,chestnut_barbaresco@gmail.com
Dry,Charge,dry_charge@gmail.com
Rigid,Dispersion,rigid_dispersion@gmail.com
Chilly,Spitz,chilly_spitz@gmail.com
Several,Prior,several_prior@gmail.com
Bent,Double,bent_double@gmail.com
Bone,Circle,bone_circle@gmail.com
Numerous,Eel,numerous_eel@gmail.com
Gentle,Methodology,gentle_methodology@gmail.com
Piercing,Number,piercing_number@gmail.com
Direct,Hull,direct_hull@gmail.com
Dark,Array,dark_array@gmail.com
Buoyant,Frank,buoyant_frank@gmail.com
Weighted,Cache,weighted_cache@gmail.com
Local,Kerf,local_kerf@gmail.com
Devout,Slide,devout_slide@gmail.com
Online,Sheet,online_sheet@gmail.com
Wintry,Fort,wintry_fort@gmail.com
Shiny,Vector,shiny_vector@gmail.com
Mint,Barrier,mint_barrier@gmail.com
Molten,Expenditure,molten_expenditure@gmail.com
Universal,Sweep,universal_sweep@gmail.com
Excited,Transfer,excited_transfer@gmail.com
Warm,Tanager,warm_tanager@gmail.com
Chromatic,Character,chromatic_character@gmail.com
Stubborn,Span,stubborn_span@gmail.com
Orange,Paprika,orange_paprika@gmail.com
Median,Belvedere,median_belvedere@gmail.com
Cerulean,Gouda,cerulean_gouda@gmail.com
Mechanical,Stork,mechanical_stork@gmail.com
Burning,Turkey,burning_turkey@gmail.com
Horizontal,Reef,horizontal_reef@gmail.com
Relative,Cabin,relative_cabin@gmail.com
Courtly,Coda,courtly_coda@gmail.com
Oily,Minute,oily_minute@gmail.com
Fixed,Equator,fixed_equator@gmail.com
Daring,Calorie,daring_calorie@gmail.com
Tiny,Hound,tiny_hound@gmail.com
Chocolate,Olympics,chocolate_olympics@gmail.com
Coffee,Frame,coffee_frame@gmail.com
Excited,Voice,excited_voice@gmail.com
Broad,Jigsaw,broad_jigsaw@gmail.com
Ferocious,Cone,ferocious_cone@gmail.com
Natural,Siamese,natural_siamese@gmail.com
Primary,Diff,primary_diff@gmail.com
Wintry,Canon,wintry_canon@gmail.com
Coplanar,Chain,coplanar_chain@gmail.com
Stable,Scale,stable_scale@gmail.com
Irregular,Resin,irregular_resin@gmail.com
Free,Text,free_text@gmail.com
Legato,Function,legato_function@gmail.com
Parallel,Ketchup,parallel_ketchup@gmail.com
Generous,Fossil,generous_fossil@gmail.com
Tender,Fluid,tender_fluid@gmail.com
Worn,Deck,worn_deck@gmail.com
Radiant,Margin,radiant_margin@gmail.com
Finite,Passport,finite_passport@gmail.com
Cruel,Energy,cruel_energy@gmail.com
Felt,Light,felt_light@gmail.com
Elaborate,Antagonist,elaborate_antagonist@gmail.com
Drab,Specialist,drab_specialist@gmail.com
Legacy,Taxi,legacy_taxi@gmail.com
Glad,Locker,glad_locker@gmail.com
Greasy,Right,greasy_right@gmail.com
Elegant,Flour,elegant_flour@gmail.com
Joint,Armament,joint_armament@gmail.com
Brave,Deliverable,brave_deliverable@gmail.com
Modern,Barracuda,modern_barracuda@gmail.com
Descent,Shark,descent_shark@gmail.com
Leather,League,leather_league@gmail.com
Concurrent,Paradigm,concurrent_paradigm@gmail.com
Symmetric,River,symmetric_river@gmail.com
Arctic,Triplex,arctic_triplex@gmail.com
Plain,Equator,plain_equator@gmail.com
Wan,Ivy,wan_ivy@gmail.com
Helpful,Sprout,helpful_sprout@gmail.com
Isometric,Gatekeeper,isometric_gatekeeper@gmail.com
Alternating,Snare,alternating_snare@gmail.com
Composite,Canister,composite_canister@gmail.com
Hushed,Cake,hushed_cake@gmail.com
Sweet,Complement,sweet_complement@gmail.com
Adventurous,Motorway,adventurous_motorway@gmail.com
Wintry,Payment,wintry_payment@gmail.com
Massive,Baseline,massive_baseline@gmail.com
Free,Semaphore,free_semaphore@gmail.com
Fixed,Station,fixed_station@gmail.com
Relaxed,Branch,relaxed_branch@gmail.com
Mature,Prior,mature_prior@gmail.com
Central,Slide,central_slide@gmail.com
Mild,Chimpanzee,mild_chimpanzee@gmail.com
Humid,Hull,humid_hull@gmail.com
Adventurous,Bulldozer,adventurous_bulldozer@gmail.com
Inverse,Demon,inverse_demon@gmail.com
Partial,Jaguar,partial_jaguar@gmail.com
Tomato,Facade,tomato_facade@gmail.com
Sienna,Branch,sienna_branch@gmail.com
Soft,Rent,soft_rent@gmail.com
Careful,Cement,careful_cement@gmail.com
Greasy,Statement,greasy_statement@gmail.com
Cyclic,Granite,cyclic_granite@gmail.com
District,Thrush,district_thrush@gmail.com
Free,Marina,free_marina@gmail.com
Messy,Card,messy_card@gmail.com
Tempered,Loft,tempered_loft@gmail.com
Chalky,Pork,chalky_pork@gmail.com
Binary,Rubble,binary_rubble@gmail.com
Free,Pasta,free_pasta@gmail.com
Formal,Radial,formal_radial@gmail.com
Pallid,Engineer,pallid_engineer@gmail.com
Metal,Shark,metal_shark@gmail.com
Grouchy,Shares,grouchy_shares@gmail.com
Glowing,Core,glowing_core@gmail.com
Fancy,Ply,fancy_ply@gmail.com
Brilliant,Deck,brilliant_deck@gmail.com
Worn,Bucket,worn_bucket@gmail.com
Worn,Foundry,worn_foundry@gmail.com
Affable,Heater,affable_heater@gmail.com
Cautious,Clone,cautious_clone@gmail.com
Simple,Disk,simple_disk@gmail.com
Trusting,Sub,trusting_sub@gmail.com
Weary,Designer,weary_designer@gmail.com
Advanced,Color,advanced_color@gmail.com
Intense,Insulation,intense_insulation@gmail.com
Forward,Pear,forward_pear@gmail.com
Synchronic,Asiago,synchronic_asiago@gmail.com
Jolly,Molding,jolly_molding@gmail.com
Critical,Pedestal,critical_pedestal@gmail.com
Coplanar,Ball,coplanar_ball@gmail.com
National,Rectangle,national_rectangle@gmail.com
Brilliant,Landfall,brilliant_landfall@gmail.com
Average,Architect,average_architect@gmail.com
Refined,Karate,refined_karate@gmail.com
Exponential,Concentration,exponential_concentration@gmail.com
Objective,Creek,objective_creek@gmail.com
Soft,Plank,soft_plank@gmail.com
Flat,Printer,flat_printer@gmail.com
Polite,Eggs,polite_eggs@gmail.com
Nimble,Dive,nimble_dive@gmail.com
Maroon,Module,maroon_module@gmail.com
Slow,Yak,slow_yak@gmail.com
Bold,Dowel,bold_dowel@gmail.com
Light,Duplet,light_duplet@gmail.com
Proper,Slalom,proper_slalom@gmail.com
Spry,Patch,spry_patch@gmail.com
Meek,Pass,meek_pass@gmail.com
Flat,Remote,flat_remote@gmail.com
Rectilinear,Echo,rectilinear_echo@gmail.com
Bright,Bollard,bright_bollard@gmail.com
Immediate,Skew,immediate_skew@gmail.com
Moist,Sardine,moist_sardine@gmail.com
Flush,Post,flush_post@gmail.com
Cool,Foreclosure,cool_foreclosure@gmail.com
Tense,Avocet,tense_avocet@gmail.com
Central,Agent,central_agent@gmail.com
Flush,Node,flush_node@gmail.com
Obvious,Source,obvious_source@gmail.com
Oscillating,Sideboard,oscillating_sideboard@gmail.com
Chunky,Truss,chunky_truss@gmail.com
Ferocious,Union,ferocious_union@gmail.com
Wary,Drone,wary_drone@gmail.com
Chamfered,Water,chamfered_water@gmail.com
Dense,Allegory,dense_allegory@gmail.com
Mint,Diction,mint_diction@gmail.com
Amber,Pause,amber_pause@gmail.com
Cross,Cevian,cross_cevian@gmail.com
Worn,Force,worn_force@gmail.com
Glowing,Auslese,glowing_auslese@gmail.com
Flashed,Longitude,flashed_longitude@gmail.com
Resonnt,Render,resonnt_render@gmail.com
Matching,Filter,matching_filter@gmail.com
Hasty,Bezier,hasty_bezier@gmail.com
Presto,Chest,presto_chest@gmail.com
Nuclear,Energy,nuclear_energy@gmail.com
Orthogonal,Envelope,orthogonal_envelope@gmail.com
Creative,Center,creative_center@gmail.com
Booming,Lemon,booming_lemon@gmail.com
Polite,Solute,polite_solute@gmail.com
Kinetic,Activation,kinetic_activation@gmail.com
Jolly,Graphite,jolly_graphite@gmail.com
Swarm,Directory,swarm_directory@gmail.com
Brave,Float,brave_float@gmail.com
Feldspar,Taping,feldspar_taping@gmail.com
Grandioso,Sanding,grandioso_sanding@gmail.com
Arctic,Lynx,arctic_lynx@gmail.com
Brute,Valuation,brute_valuation@gmail.com
Booming,Promo,booming_promo@gmail.com
Vintage,Vector,vintage_vector@gmail.com
Gold,Edge,gold_edge@gmail.com
Simple,Carrier,simple_carrier@gmail.com
Optical,Coopetition,optical_coopetition@gmail.com
Investor,Draft,investor_draft@gmail.com
Mechanical,Silo,mechanical_silo@gmail.com
Natural,Liquidation,natural_liquidation@gmail.com
Flat,Depth,flat_depth@gmail.com
Pointed,Faucet,pointed_faucet@gmail.com
Recent,Shadow,recent_shadow@gmail.com
Dichotomic,Format,dichotomic_format@gmail.com
Emerald,Brace,emerald_brace@gmail.com
Warm,Mitt,warm_mitt@gmail.com
Serious,Flow,serious_flow@gmail.com
Crispy,Sump,crispy_sump@gmail.com
Affable,Helo,affable_helo@gmail.com
Inventive,Mackerel,inventive_mackerel@gmail.com
Asymptotic,Tower,asymptotic_tower@gmail.com
Woolen,Oxford,woolen_oxford@gmail.com
Hard,Port,hard_port@gmail.com
Square,Imperative,square_imperative@gmail.com
Ivory,Apricot,ivory_apricot@gmail.com
Bipartite,Plane,bipartite_plane@gmail.com
Oily,Loop,oily_loop@gmail.com
Meek,Rosin,meek_rosin@gmail.com
Wood,Bisector,wood_bisector@gmail.com
Salmon,Transfer,salmon_transfer@gmail.com
Asymptotic,Arcade,asymptotic_arcade@gmail.com
Aged,Fm,aged_FM@gmail.com
Lively,Petal,lively_petal@gmail.com
Formal,Laboratory,formal_laboratory@gmail.com
Indulgent,Setback,indulgent_setback@gmail.com
Worn,Plain,worn_plain@gmail.com
Coplanar,Coverage,coplanar_coverage@gmail.com
Gritty,Jig,gritty_jig@gmail.com
Daring,Foie,daring_foie_gras@gmail.com
Oblique,Trim,oblique_trim@gmail.com
Intricate,Flower,intricate_flower@gmail.com
Salmon,Deadline,salmon_deadline@gmail.com
Sad,Home,sad_home@gmail.com
Burning,Tesla,burning_tesla@gmail.com
Espressivo,Poset,espressivo_poset@gmail.com
Square,Degree,square_degree@gmail.com
Lively,Ridge,lively_ridge@gmail.com
Constant,Talent,constant_talent@gmail.com
Wood,Cream,wood_cream@gmail.com
Hot,Round,hot_round@gmail.com
Extremal,Indent,extremal_indent@gmail.com
Leather,Beech,leather_beech@gmail.com
Overcast,Report,overcast_report@gmail.com
Teal,Tube,teal_tube@gmail.com
Achromatic,Square,achromatic_square@gmail.com
Polite,Vector,polite_vector@gmail.com
Cold,Document,cold_document@gmail.com
Scared,Database,scared_database@gmail.com
Celeste,Chambray,celeste_chambray@gmail.com
Salmon,Dolly,salmon_dolly@gmail.com
Silver,Roof,silver_roof@gmail.com
Broad,Script,broad_script@gmail.com
Rowdy,Crow,rowdy_crow@gmail.com
Wise,Domain,wise_domain@gmail.com
Pleasant,Hint,pleasant_hint@gmail.com
Interior,Bark,interior_bark@gmail.com
Paper,Church,paper_church@gmail.com
Smoggy,Octree,smoggy_octree@gmail.com
Endothermic,Hook,endothermic_hook@gmail.com
Matching,Spirit,matching_spirit@gmail.com
Simple,Tropics,simple_tropics@gmail.com
Spatial,Chives,spatial_chives@gmail.com
Visible,Queue,visible_queue@gmail.com
Brute,Assurance,brute_assurance@gmail.com
Isometric,Polytope,isometric_polytope@gmail.com
Corn,Vector,corn_vector@gmail.com
Kinetic,Property,kinetic_property@gmail.com
Silver,Scale,silver_scale@gmail.com
Lead,Commander,lead_commander@gmail.com
Few,Butte,few_butte@gmail.com
Independent,Barbaresco,independent_barbaresco@gmail.com
Meek,Caviar,meek_caviar@gmail.com
Old,Contingency,old_contingency@gmail.com
Windy,Line,windy_line@gmail.com
Largo,Canal,largo_canal@gmail.com
Buoyant,Segue,buoyant_segue@gmail.com
Icy,Measure,icy_measure@gmail.com
Binding,Darter,binding_darter@gmail.com
Brutal,Bandwidth,brutal_bandwidth@gmail.com
Colorful,Area,colorful_area@gmail.com
Icy,Patio,icy_patio@gmail.com
Narrow,Winner,narrow_winner@gmail.com
Isochoric,Plaster,isochoric_plaster@gmail.com
Cautious,Futon,cautious_futon@gmail.com
Inscribed,Pad,inscribed_pad@gmail.com
Dry,Drink,dry_drink@gmail.com
Relaxed,Tube,relaxed_tube@gmail.com
Trite,Chives,trite_chives@gmail.com
Radiant,Effusion,radiant_effusion@gmail.com
Crabby,Plank,crabby_plank@gmail.com
Binding,Pixel,binding_pixel@gmail.com
Charcoal,Category,charcoal_category@gmail.com
Lively,Station,lively_station@gmail.com
Inclusive,Yogurt,inclusive_yogurt@gmail.com
Offline,Print,offline_print@gmail.com
Soft,Trainer,soft_trainer@gmail.com
Exhaustive,Key,exhaustive_key@gmail.com
Quick,Costume,quick_costume@gmail.com
Woolen,Covariance,woolen_covariance@gmail.com
Coherent,Row,coherent_row@gmail.com
All,Ravvet,all_ravvet@gmail.com
Muffled,Bulldozer,muffled_bulldozer@gmail.com
Mad,Scrub,mad_scrub@gmail.com
Vivid,Truck,vivid_truck@gmail.com
Canary,Originator,canary_originator@gmail.com
Irregular,Angel,irregular_angel@gmail.com
Balanced,Antagonist,balanced_antagonist@gmail.com
Cold,Cello,cold_cello@gmail.com
Crabby,Dynamic,crabby_dynamic@gmail.com
Symmetric,Filter,symmetric_filter@gmail.com
Quiet,Trout,quiet_trout@gmail.com
Speedy,Analog,speedy_analog@gmail.com
Deterministic,Ostrich,deterministic_ostrich@gmail.com
Callous,Leave,callous_leave@gmail.com
Hushed,Chair,hushed_chair@gmail.com
Staccato,Hickory,staccato_hickory@gmail.com
Equidistant,Touch,equidistant_touch@gmail.com
Exponential,Tint,exponential_tint@gmail.com
Pizzicato,Desert,pizzicato_desert@gmail.com
Hot,Battery,hot_battery@gmail.com
Proper,Reward,proper_reward@gmail.com
Muffled,Prefix,muffled_prefix@gmail.com
Rude,Callback,rude_callback@gmail.com
Cool,Ice,cool_ice@gmail.com
Deterministic,Rate,deterministic_rate@gmail.com
Amicable,Liquidation,amicable_liquidation@gmail.com
Flat,Origin,flat_origin@gmail.com
Coplanar,Bow,coplanar_bow@gmail.com
Associative,Dope,associative_dope@gmail.com
Mild,Gold,mild_gold@gmail.com
Achromatic,Rake,achromatic_rake@gmail.com
Ancient,Gloss,ancient_gloss@gmail.com
Lime,Gear,lime_gear@gmail.com
Bright,Infrastructure,bright_infrastructure@gmail.com
Matte,Language,matte_language@gmail.com
Feldspar,Embedding,feldspar_embedding@gmail.com
Freezing,Option,freezing_option@gmail.com
Complicated,Javanese,complicated_javanese@gmail.com
Frigid,Interval,frigid_interval@gmail.com
Immature,Bight,immature_bight@gmail.com
Bounded,Gymnast,bounded_gymnast@gmail.com
Wood,Kasseri,wood_kasseri@gmail.com
Excited,Capitol,excited_capitol@gmail.com
Happy,Convection,happy_convection@gmail.com
Damp,Burl,damp_burl@gmail.com
Flashed,Foie,flashed_foie_gras@gmail.com
Constant,Language,constant_language@gmail.com
Pointed,Tree,pointed_tree@gmail.com
Cerulean,Deposition,cerulean_deposition@gmail.com
Concurrent,Isotope,concurrent_isotope@gmail.com
Composite,Riser,composite_riser@gmail.com
Primary,Geyser,primary_geyser@gmail.com
Happy,Octree,happy_octree@gmail.com
Burgundy,Mayonnaise,burgundy_mayonnaise@gmail.com
Inventive,Pole,inventive_pole@gmail.com
Nice,Protagonist,nice_protagonist@gmail.com
Forward,Cockpit,forward_cockpit@gmail.com
Neat,Contingency,neat_contingency@gmail.com
Religious,Key,religious_key@gmail.com
Kinetic,Expenditure,kinetic_expenditure@gmail.com
Annoying,Dachshund,annoying_dachshund@gmail.com
Zesty,Event,zesty_event@gmail.com
Many,Duck,many_duck@gmail.com
Thundering,Collie,thundering_collie@gmail.com
Finite,Facet,finite_facet@gmail.com
Graceful,Effect,graceful_effect@gmail.com
Free,Wire,free_wire@gmail.com
Some,Mascarpone,some_mascarpone@gmail.com
Decidable,Sauvignon,decidable_sauvignon@gmail.com
Weighted,Inline,weighted_inline@gmail.com
Bronze,Goal,bronze_goal@gmail.com
Lazy,Sum,lazy_sum@gmail.com
Funny,Pistol,funny_pistol@gmail.com
Absolute,Lease,absolute_lease@gmail.com
Chunky,Tunnel,chunky_tunnel@gmail.com
Exhaustive,Acceleration,exhaustive_acceleration@gmail.com
Fast,Diction,fast_diction@gmail.com
Another,Zinc,another_zinc@gmail.com
Khaki,Frequency,khaki_frequency@gmail.com
Rainy,Thinner,rainy_thinner@gmail.com
Proper,Ravelin,proper_ravelin@gmail.com
Central,Dioptre,central_dioptre@gmail.com
Corn,Bag,corn_bag@gmail.com
Exponential,Trainer,exponential_trainer@gmail.com
Sunny,Nugget,sunny_nugget@gmail.com
Few,Crescendo,few_crescendo@gmail.com
Insulated,Gradient,insulated_gradient@gmail.com
Generous,Element,generous_element@gmail.com
Solid,Carriage,solid_carriage@gmail.com
Poky,Designer,poky_designer@gmail.com
Shy,Bunk,shy_bunk@gmail.com
Dark,Rhea,dark_rhea@gmail.com
Another,Burger,another_burger@gmail.com
Shrewd,Filter,shrewd_filter@gmail.com
Fuchsia,Cuckoo,fuchsia_cuckoo@gmail.com
Patient,Olive,patient_olive@gmail.com
Instant,Oboe,instant_oboe@gmail.com
Isothermal,Mullion,isothermal_mullion@gmail.com
Dense,Stock,dense_stock@gmail.com
Isobaric,Page,isobaric_page@gmail.com
Magnetic,Repeat,magnetic_repeat@gmail.com
Archaic,Surfer,archaic_surfer@gmail.com
Proper,Box,proper_box@gmail.com
Wicker,Originator,wicker_originator@gmail.com
Bent,Thumbnail,bent_thumbnail@gmail.com
Kind,Abscissa,kind_abscissa@gmail.com
Flat,Cover,flat_cover@gmail.com
Navy,Life,navy_life@gmail.com
Immediate,Upload,immediate_upload@gmail.com
Weighted,Bulkhead,weighted_bulkhead@gmail.com
Laminated,Borzoi,laminated_borzoi@gmail.com
Religious,Accuracy,religious_accuracy@gmail.com
Tempered,Scene,tempered_scene@gmail.com
Chocolate,Square,chocolate_square@gmail.com
Frosty,Head,frosty_head@gmail.com
Dyadic,Sample,dyadic_sample@gmail.com
Thick,Tower,thick_tower@gmail.com
Meek,Bicycle,meek_bicycle@gmail.com
Oriented,Complexity,oriented_complexity@gmail.com
Glass,Birth,glass_birth@gmail.com
Navy,Query,navy_query@gmail.com
Angry,Ramp,angry_ramp@gmail.com
Lead,Director,lead_director@gmail.com
Convex,Bed,convex_bed@gmail.com
Slow,Exercise,slow_exercise@gmail.com
Affable,Cork,affable_cork@gmail.com
Elegant,Billet,elegant_billet@gmail.com
Buoyant,Staging,buoyant_staging@gmail.com
Stable,Carriage,stable_carriage@gmail.com
Isochoric,Brad,isochoric_brad@gmail.com
Miniature,Bridge,miniature_bridge@gmail.com
Nuclear,Remote,nuclear_remote@gmail.com
Freezing,Imprint,freezing_imprint@gmail.com
Stubborn,Rubble,stubborn_rubble@gmail.com
Short,Orphan,short_orphan@gmail.com
Quiet,Wrap,quiet_wrap@gmail.com
Snow,Rottweiler,snow_rottweiler@gmail.com
Chief,Kern,chief_kern@gmail.com
Bare,Fencing,bare_fencing@gmail.com
Chunky,Passport,chunky_passport@gmail.com
Other,Bark,other_bark@gmail.com
Sleek,Level,sleek_level@gmail.com
Flashed,Journal,flashed_journal@gmail.com
Maximum,Berry,maximum_berry@gmail.com
Hushed,Circuit,hushed_circuit@gmail.com
Convex,Convergence,convex_convergence@gmail.com
Presto,Chief,presto_chief@gmail.com
Warped,Signature,warped_signature@gmail.com
Current,Template,current_template@gmail.com
Moderato,Font,moderato_font@gmail.com
Ornery,Albariño,ornery_albariño@gmail.com
Pure,Disk,pure_disk@gmail.com
Closed,Lifer,closed_lifer@gmail.com
Bronze,Market,bronze_market@gmail.com
Stale,Commander,stale_commander@gmail.com
Eager,Centroid,eager_centroid@gmail.com
Avocado,Bracket,avocado_bracket@gmail.com
Global,Juice,global_juice@gmail.com
Broad,Edam,broad_edam@gmail.com
Andante,Stunt,andante_stunt@gmail.com
Planar,Amp,planar_amp@gmail.com
Desert,Caribou,desert_caribou@gmail.com
Principal,Xylophone,principal_xylophone@gmail.com
Odious,Pun,odious_pun@gmail.com
Savory,Agent,savory_agent@gmail.com
Sparse,Outlet,sparse_outlet@gmail.com
Glass,Spine,glass_spine@gmail.com
Indigo,Sphere,indigo_sphere@gmail.com
Resultant,Vector,resultant_vector@gmail.com
Abstract,Sky,abstract_sky@gmail.com
Obnoxious,Sail,obnoxious_sail@gmail.com
Crabby,Contract,crabby_contract@gmail.com
Gravitational,Format,gravitational_format@gmail.com
Zesty,Region,zesty_region@gmail.com
Champagne,Actuary,champagne_actuary@gmail.com
Savage,Value,savage_value@gmail.com
Mature,Tee,mature_tee@gmail.com
Warped,Cost,warped_cost@gmail.com
Finite,Sub,finite_sub@gmail.com
Obtuse,Parable,obtuse_parable@gmail.com
Free,Gutter,free_gutter@gmail.com
Shortest,Report,shortest_report@gmail.com
Tan,Plane,tan_plane@gmail.com
Plum,Graph,plum_graph@gmail.com
Isometric,Bumper,isometric_bumper@gmail.com